movie_id,title,release_date,popularity,vote_average,vote_count,adult,language
1339713,Obsession,2026-05-13,898.7716,7.9,621,False,en
1057265,Peddi,2026-06-03,879.0599,6.132,19,False,te
1304313,Lee Cronin's The Mummy,2026-04-15,358.5428,8.076,1694,False,en
1228710,The Mandalorian and Grogu,2026-05-20,345.949,6.8,419,False,en
1433117,Kara,2026-04-30,323.3147,6.3,20,False,ta
1226863,The Super Mario Galaxy Movie,2026-04-01,305.432,8.151,2476,False,en
454639,Masters of the Universe,2026-06-03,284.1781,7.394,132,False,en
1308553,Hai Jawani Toh Ishq Hona Hai,2026-06-04,382.0772,5.3,11,False,hi
1122573,In the Grey,2026-05-13,249.1226,6.598,174,False,en
687163,Project Hail Mary,2026-03-15,231.4921,8.666,4807,False,en
1439930,The Punisher: One Last Kill,2026-05-12,230.7795,8.37,1515,False,en
1380291,Tom Clancy's Jack Ryan: Ghost War,2026-05-20,214.552,7.082,514,False,en
1358005,Office Romance,2026-06-04,234.5292,6.776,116,False,en
1523145,Your Heart Will Be Broken,2026-03-26,221.0357,6.845,86,False,ru
1007757,Swapped,2026-05-01,210.035,8.972,1634,False,en
1430077,Hokum,2026-04-29,211.3545,6.75,183,False,en
1083381,Backrooms,2026-05-27,216.2298,6.8,417,False,en
1419406,The Shadow's Edge,2025-08-16,189.1485,7.706,817,False,zh
1582770,Dhurandhar: The Revenge,2026-03-18,200.8613,7.3,113,False,hi
1103473,KD – The Devil,2026-04-30,206.0315,7.5,2,False,kn
1273221,Scary Movie,2026-06-03,172.3399,5.7,186,False,en
186745,Rape of Love,1978-01-10,128.538,5.82,25,False,fr
1628448,Maa Behen,2026-06-04,179.3971,8.375,4,False,hi
976912,Graphic Desires,2023-08-31,152.1779,6.977,87,False,en
1065834,Kattalan,2026-05-14,121.2079,7.6,4,False,ml
83533,Avatar: Fire and Ash,2025-12-17,156.6227,7.567,3380,False,en
11012,Damage,1992-12-02,150.0238,6.568,686,False,en
1327819,Hoppers,2026-03-04,141.2933,8.186,1485,False,en
28322,Madness,1980-03-20,172.7417,4.969,32,False,it
1241752,Rita,2024-03-22,132.4846,5.979,24,False,tl
1472951,Infiltrate,2026-04-10,116.025,5.471,17,False,en
1116201,Iron Lung,2026-01-30,101.0252,7.159,230,False,en
1311031,Demon Slayer: Kimetsu no Yaiba Infinity Castle,2025-07-18,106.9583,7.738,854,False,ja
1367220,Karuppu,2026-05-14,173.3807,7.6,12,False,ta
424711,Poppea's Hot Nights,1969-01-01,114.4246,3.6,4,False,it
879945,The Unknown Man,2021-10-16,190.7919,8.2,5,False,nl
1288341,Seven Snipers,2026-04-30,108.8394,6.024,21,False,en
350,The Devil Wears Prada,2006-06-29,99.0828,7.4,13685,False,en
44980,Zero Woman 2,1995-09-05,90.5383,5.0,8,False,ja
460465,Mortal Kombat,2021-04-07,104.1313,7.041,6724,False,en
1288341,Seven Snipers,2026-04-30,108.8394,6.075,20,False,en
1510339,Mark,2025-12-25,80.5185,4.0,1,False,kn
1371023,Chand Mera Dil,2026-05-22,81.3278,3.833,3,False,hi
1297842,GOAT,2026-02-11,93.0387,8.136,759,False,en
249397,Nymphomaniac: Vol. II,2013-12-25,87.2013,6.715,3182,False,en
1293550,Bandar,2026-06-05,96.6744,0.0,0,False,hi
462183,Wild Awakening,2016-10-23,86.5406,5.295,22,False,es
1084242,Zootopia 2,2025-11-26,88.7753,7.658,2907,False,en
936075,Michael,2026-04-22,167.9048,8.106,1251,False,en
931285,Mortal Kombat II,2026-05-06,189.6381,7.595,622,False,en
235271,Addicted,2014-10-10,85.1501,5.927,447,False,en
39254,Real Steel,2011-09-28,87.739,7.102,9196,False,en
1473332,No One Will Hear Your Scream,2025-09-05,89.4716,4.2,6,False,es
1694978,Chum,2026-05-27,86.875,4.7,6,False,en
4247,Scary Movie,2000-07-07,91.2532,6.406,7813,False,en
278,The Shawshank Redemption,1994-09-23,82.6474,8.722,30519,False,en
980431,Avatar Aang: The Last Airbender,2026-10-09,77.2781,0.0,0,False,en
603,The Matrix,1999-03-31,72.5069,8.247,27978,False,en
1291608,Dhurandhar,2025-12-05,78.4532,7.2,299,False,hi
1157008,Dime lo que quieres (de verdad),2023-07-27,74.5321,7.629,31,False,es
744275,After We Fell,2021-09-01,74.5721,7.004,2745,False,en
1275779,Disclosure Day,2026-06-10,77.0533,8.167,9,False,en
1699574,Deool Band 2,2026-05-21,68.5284,0.0,0,False,mr
1530510,Mexico 86,2026-05-21,73.2063,7.2,50,False,es
1522126,1000 Men and Me: The Bonnie Blue Story,2025-07-29,79.7239,5.694,18,False,en
104594,The Cave of the Silken Web,1967-07-31,96.8235,5.727,11,False,zh
1320660,Pati Patni Aur Woh Do,2026-05-15,62.1968,7.5,4,False,hi
1290821,Shelter,2026-01-28,71.0349,7.6,1162,False,en
1325734,The Drama,2026-03-26,70.8802,7.0,971,False,en
1239134,Bhooth Bangla,2026-04-16,66.1158,6.5,10,False,hi
1274706,The Marked Woman,2026-06-05,71.6503,4.75,32,False,es
1390300,Over Your Dead Body,2026-04-24,71.1795,6.845,110,False,en
157336,Interstellar,2014-11-05,71.2233,8.477,39951,False,en
1292415,Beast,2026-04-10,71.0071,6.3,49,False,en
840464,Greenland 2: Migration,2026-01-07,65.1422,6.434,1177,False,en
920728,We Want Now,2016-04-20,53.4805,0.0,0,False,ko
1368166,The Housemaid,2025-12-18,66.3915,7.246,2370,False,en
1242898,Predator: Badlands,2025-11-05,65.7618,7.775,3038,False,en
755898,War of the Worlds,2025-07-29,59.9698,4.1,1004,False,en
1280738,The Furious,2026-06-10,58.1194,0.0,0,False,en
1571594,The Photographer,2025-10-30,54.9616,7.0,2,False,es
1300501,Patriot,2026-05-01,49.3741,7.4,9,False,ml
1084244,Toy Story 5,2026-06-17,60.9911,0.0,0,False,en
4258,Scary Movie 5,2013-04-11,58.9697,4.8,3044,False,en
1110034,Kraken,2026-02-06,54.111,6.346,114,False,no
441168,From Straight A's to XXX,2017-02-11,55.0318,5.8,162,False,en
78192,Michael Jackson: The Life of an Icon,2011-11-02,52.9206,8.115,183,False,en
1159559,Scream 7,2026-02-25,58.4409,6.17,999,False,en
1246049,Dracula,2025-07-30,53.3612,7.1,1246,False,fr
1663082,The Last Supper,2025-10-23,51.541,6.5,2,False,en
1515729,Blast,2026-05-28,52.5663,7.0,3,False,ta
1630423,My Dearest Assassin,2026-05-06,52.5782,8.621,232,False,th
405818,Door II: Tokyo Diary,1991-04-25,30.5695,6.1,14,False,ja
259872,Skin. Like. Sun.,2009-10-10,59.7854,6.074,115,False,fr
48650,Room in Rome,2010-05-07,52.9212,6.412,829,False,es
1002398,Virgin,2024-10-29,54.8934,6.739,23,False,tl
1010581,My Fault,2023-06-08,53.4411,7.7,4082,False,es
1599189,剑来院线剧场版 十三之争,2026-05-01,55.2024,0.0,0,False,zh
299536,Avengers: Infinity War,2018-04-25,53.9543,8.237,32067,False,en
1340110,Redux Redux,2025-12-28,52.5681,6.458,119,False,en
1220522,Dacoit,2026-04-10,51.8154,6.2,4,False,te
24428,The Avengers,2012-04-25,56.1904,8.04,38245,False,en
1198994,Send Help,2026-01-22,50.9316,7.047,1721,False,en
270473,Love Sick,2013-12-25,60.9908,5.5,2,False,th
1579,Apocalypto,2006-12-07,51.16,7.633,6387,False,en
1265609,War Machine,2026-02-12,47.9755,7.359,1861,False,en
1426822,Mortal Game,2025-02-03,45.0495,4.917,12,False,en
1252051,Disforia,2025-09-20,43.8194,4.429,7,False,es
1368881,Ladies First,2026-05-21,50.8292,6.007,297,False,en
1669051,Kesong Puti,2026-04-24,47.3703,5.5,2,False,tl
1375646,Colony,2026-05-21,43.2137,6.822,45,False,ko
1613798,Vengeance,2026-02-26,46.6255,7.469,243,False,es
1641319,Sniper: No Nation,2026-04-07,48.6312,6.4,54,False,en
1330021,Remarkably Bright Creatures,2026-05-07,46.4917,8.6,581,False,en
1632181,Accidental Partners,2026-03-12,44.4645,9.054,242,False,es
19995,Avatar,2009-12-16,44.9217,7.606,34031,False,en
1314481,The Devil Wears Prada 2,2026-04-29,47.0345,6.6,780,False,en
1266127,Ready or Not: Here I Come,2026-03-19,46.8913,7.708,990,False,en
1226293,Salitan,2024-02-16,45.1512,4.714,7,False,tl
980477,Ne Zha 2,2025-01-29,42.551,8.167,705,False,zh
337167,Fifty Shades Freed,2018-01-17,45.9923,6.675,8353,False,en
1316427,7 Dogs,2026-05-27,42.7167,5.5,4,False,ar
226674,The Adolescent,1979-01-24,45.4216,4.5,15,False,fr
64641,Monika,1974-02-28,39.6102,4.7,20,False,it
1598785,Milky☆Subway: The Galactic Limited Express - the Movie,2026-02-06,43.7939,9.267,15,False,ja
238,The Godfather,1972-03-14,43.0209,8.687,23007,False,en
4248,Scary Movie 2,2001-07-04,46.5062,5.828,5181,False,en
122,The Lord of the Rings: The Return of the King,2003-12-17,44.2642,8.499,26613,False,en
533535,Deadpool & Wolverine,2024-07-24,51.7268,7.572,8726,False,en
911430,F1,2025-06-25,44.4916,7.794,4042,False,en
1171145,Crime 101,2026-02-11,42.2611,6.993,1052,False,en
1292695,They Will Kill You,2026-03-25,40.2831,7.038,685,False,en
1135873,GGS - Ganteng-Ganteng Sange,2023-05-28,39.8444,6.1,7,False,hi
1301421,The Sheep Detectives,2026-04-30,36.7481,7.647,153,False,en
1639398,Mexican Psycho,2026-03-19,35.9274,7.42,88,False,es
803796,KPop Demon Hunters,2025-06-20,38.3815,8.026,2856,False,en
1295400,The Last Viking,2025-10-09,40.0272,7.271,133,False,da
1038392,The Conjuring: Last Rites,2025-09-03,40.2386,6.926,1865,False,en
1196067,Worldbreaker,2025-10-30,38.1742,6.037,205,False,en
634649,Spider-Man: No Way Home,2021-12-15,43.7297,7.934,22041,False,en
120,The Lord of the Rings: The Fellowship of the Ring,2001-12-18,40.0338,8.4,27624,False,en
155,The Dark Knight,2008-07-16,40.0363,8.531,35864,False,en
4232,Scream,1996-12-20,38.2787,7.43,7980,False,en
1368337,The Odyssey,2026-07-15,37.266,0.0,0,False,en
671,Harry Potter and the Philosopher's Stone,2001-11-16,40.3277,7.9,29613,False,en
62029,Bingo Bongo,1982-12-23,36.1602,5.7,176,False,it
1168190,The Wrecking Crew,2026-01-28,35.3089,6.981,1051,False,en
27,9 Songs,2004-07-16,36.2953,5.544,580,False,en
862,Toy Story,1995-11-22,36.9785,7.976,19920,False,en
1266990,Kulong,2024-05-24,35.7407,6.417,18,False,tl
1156594,Our Fault,2025-10-15,36.2231,7.364,678,False,es
13078,The Babysitters,2008-05-09,36.1532,6.002,543,False,en
6312,Brotherhood of the Wolf,2001-01-31,28.3673,6.741,1727,False,fr
1628367,Kartavya,2026-05-15,32.2862,6.5,19,False,hi
1287454,The Farmer's Bride Requires Care! Part 2: The Organic Grand Strategy,2021-04-02,31.2086,10.0,1,False,ja
1599191,仙逆剧场版 弑仙之战,,34.2856,0.0,0,False,zh
1232221,Mother-in-law in Love With Son-in-law 4,2023-12-26,41.3815,4.0,1,False,ko
1414413,Brothers Under Fire,2026-04-15,33.3258,5.907,27,False,en
1184918,The Wild Robot,2024-09-12,35.7082,8.314,6125,False,en
1233413,Sinners,2025-04-16,39.3826,7.5,4606,False,en
204407,Bosco d'amore,1981-09-08,36.351,4.667,6,False,en
847742,Drishyam 3,2026-05-21,30.7991,7.0,5,False,ml
1431071,System,2026-05-22,29.1774,7.5,2,False,hi
4257,Scary Movie 4,2006-04-12,36.3325,5.5,3595,False,en
129,Spirited Away,2001-07-20,33.0134,8.535,18379,False,ja
597,Titanic,1997-12-18,35.307,7.903,27198,False,en
680,Pulp Fiction,1994-09-10,32.9523,8.483,30254,False,en
496243,Parasite,2019-05-30,36.5266,8.494,20695,False,ko
502356,The Super Mario Bros. Movie,2023-04-05,35.0269,7.604,10787,False,en
1383731,Protector,2026-02-20,31.8975,8.008,185,False,en
1470130,The Mortuary Assistant,2026-02-13,31.6725,5.518,113,False,en
1061474,Superman,2025-07-09,32.2898,7.342,4835,False,en
1439584,Ugly Story,2026-05-22,34.5151,0.0,0,False,te
1234821,Jurassic World Rebirth,2025-06-23,38.7396,6.27,3396,False,en
979,Irreversible,2002-05-22,33.1696,7.2,3299,False,fr
27205,Inception,2010-07-15,33.2939,8.372,39327,False,en
1242265,Fuze,2026-03-23,30.0412,6.5,104,False,en
14836,Coraline,2009-02-05,34.1949,7.91,9004,False,en
1306368,The Rip,2026-01-13,31.0913,7.076,1651,False,en
1497843,风尘女郎,1975-01-01,28.8071,0.0,0,False,zh
1497843,风尘女郎,1975-01-01,28.8071,0.0,0,False,zh
969681,Spider-Man: Brand New Day,2026-07-29,32.2656,0.0,0,False,en
1539104,JUJUTSU KAISEN: Execution,2025-11-07,31.0736,6.0,99,False,ja
1247165,Raja Shivaji,2026-05-01,27.7051,9.0,1,False,mr
425274,Now You See Me: Now You Don't,2025-11-12,31.0945,6.5,1546,False,en
1272837,28 Years Later: The Bone Temple,2026-01-14,31.9353,7.13,1274,False,en
1084577,Balls Up,2026-04-15,30.4625,5.896,254,False,en
4256,Scary Movie 3,2003-10-24,33.418,6.0,4498,False,en
264980,Loves of a French Pussycat,1972-03-09,32.4361,4.5,8,False,de
77,Memento,2000-10-11,28.0314,8.176,16270,False,en
299534,Avengers: Endgame,2019-04-24,34.8218,8.237,27798,False,en
808,Shrek,2001-05-18,30.8698,7.764,18791,False,en
1207162,Rise of the Conqueror,2026-04-09,28.6844,6.067,15,False,en
361743,Top Gun: Maverick,2022-05-21,29.8273,8.158,11014,False,en
269955,Obsessed,2014-05-14,28.1006,6.7,82,False,ko
405746,Door,1988-05-14,29.4412,6.0,26,False,ja
1081003,Supergirl,2026-06-23,32.7832,0.0,0,False,en
1368314,Passenger,2026-05-20,30.0329,6.2,65,False,en
13192,Moonwalker,1988-10-29,27.792,7.076,655,False,en
372058,Your Name.,2016-08-26,29.8676,8.5,12600,False,ja
1075175,How to Have Sex,2023-11-02,28.6694,6.239,503,False,en
121,The Lord of the Rings: The Two Towers,2002-12-18,28.9203,8.4,23938,False,en
497,The Green Mile,1999-12-10,28.1038,8.507,19302,False,en
848116,Rocky Aur Rani Kii Prem Kahaani,2023-07-28,19.3922,6.142,88,False,hi
216015,Fifty Shades of Grey,2015-02-11,28.9816,5.868,12397,False,en
575265,Mission: Impossible - The Final Reckoning,2025-05-17,33.2296,7.168,2841,False,en
933260,The Substance,2024-09-07,31.1317,7.133,6041,False,en
11649,Masters of the Universe,1987-08-07,28.5123,5.799,1027,False,en
22,Pirates of the Caribbean: The Curse of the Black Pearl,2003-07-09,28.7223,7.826,22274,False,en
829557,365 Days: This Day,2022-04-26,28.5129,5.938,1846,False,pl
1156593,Your Fault,2024-12-26,27.6462,7.1,1558,False,es
550,Fight Club,1999-10-15,29.5472,8.438,32112,False,en
672,Harry Potter and the Chamber of Secrets,2002-11-13,31.5142,7.7,23605,False,en
1281425,Night Silence,2024-10-31,24.1289,4.7,6,False,pl
240,The Godfather Part II,1974-12-20,29.8389,8.572,13951,False,en
557,Spider-Man,2002-05-01,28.3739,7.33,20695,False,en
396535,Train to Busan,2016-07-20,30.9875,7.75,8398,False,ko
448772,A Great Love,1995-01-01,30.3391,5.0,5,False,it
796,Cruel Intentions,1999-03-05,27.3412,6.816,3585,False,en
950396,The Gorge,2025-02-13,29.1542,7.645,3766,False,en
569094,Spider-Man: Across the Spider-Verse,2023-05-31,34.4194,8.337,8651,False,en
1653208,The Great Grand Superhero,2026-05-29,35.0457,0.0,0,False,hi
673,Harry Potter and the Prisoner of Azkaban,2004-05-31,32.2123,8.0,23179,False,en
13,Forrest Gump,1994-06-23,29.7861,8.465,29807,False,en
11,Star Wars,1977-05-25,27.0457,8.205,22369,False,en
1197306,A Working Man,2025-03-26,25.8029,6.693,1936,False,en
1011985,Kung Fu Panda 4,2024-03-02,27.1959,7.003,3523,False,en
674,Harry Potter and the Goblet of Fire,2005-11-16,32.7667,7.803,22189,False,en
1241982,Moana 2,2024-11-21,26.64,7.004,3087,False,en
1234731,Anaconda,2025-12-24,26.2928,5.894,1208,False,en
10138,Iron Man 2,2010-04-28,25.7729,6.854,22407,False,en
300496,Nefeli,1980-01-01,31.4611,3.6,7,False,el
1380316,Is God Is,2026-05-14,26.3536,5.859,32,False,en
1115544,Mike & Nick & Nick & Alice,2026-03-14,27.2255,6.728,349,False,en
1167307,David,2025-12-14,25.8095,8.05,150,False,en
1646787,Sundutan,2026-03-06,25.3707,4.0,1,False,tl
7451,xXx,2002-08-09,24.8836,5.988,4917,False,en
939243,Sonic the Hedgehog 3,2024-12-19,25.6532,7.617,3297,False,en
1022789,Inside Out 2,2024-06-11,29.8102,7.546,6700,False,en
315635,Spider-Man: Homecoming,2017-07-05,27.4522,7.331,23195,False,en
315635,Spider-Man: Homecoming,2017-07-05,27.4522,7.331,23195,False,en
1218925,Chainsaw Man - The Movie: Reze Arc,2025-09-19,27.3166,8.4,907,False,ja
438631,Dune,2021-09-15,27.227,7.78,14935,False,en
1404791,Dollhouse,2025-06-13,24.7288,7.544,91,False,ja
458293,Michael Jackson: Searching for Neverland,2017-05-29,24.8748,6.591,115,False,en
872585,Oppenheimer,2023-07-19,27.6579,8.03,11825,False,en
537915,After,2019-04-11,24.4122,7.107,8525,False,en
1316092,"""Wuthering Heights""",2026-02-11,25.9203,6.675,1078,False,en
991494,The SpongeBob Movie: Search for SquarePants,2025-12-16,24.6068,6.8,298,False,en
1087192,How to Train Your Dragon,2025-06-06,28.9121,7.931,2856,False,en
875828,Peaky Blinders: The Immortal Man,2026-03-05,23.8654,7.25,998,False,en
863,Toy Story 2,1999-10-30,24.579,7.609,14911,False,en
484503,The Black Pearl,1982-01-01,25.8494,0.0,0,False,zh
798645,The Running Man,2025-11-11,25.8309,6.789,1610,False,en
693134,Dune: Part Two,2024-02-27,27.9345,8.1,8010,False,en
950387,A Minecraft Movie,2025-03-31,24.6957,6.262,3016,False,en
603692,John Wick: Chapter 4,2023-03-21,27.4036,7.707,7948,False,en
10867,Malena,2000-10-27,25.2204,7.5,2646,False,it
680493,Return to Silent Hill,2026-01-21,25.129,5.375,599,False,en
769,GoodFellas,1990-09-12,25.3289,8.453,14389,False,en
1084187,Pretty Lethal,2026-03-13,25.1958,6.761,398,False,en
1228246,Five Nights at Freddy's 2,2025-12-03,23.0186,6.645,974,False,en
429,"The Good, the Bad and the Ugly",1966-12-23,24.749,8.5,9669,False,it
585,"Monsters, Inc.",2001-11-01,24.3768,7.851,19798,False,en
1662414,Propeller One-Way Night Coach,2026-05-15,31.2439,6.845,29,False,en
269149,Zootopia,2016-02-11,23.8681,7.762,18132,False,en
324857,Spider-Man: Into the Spider-Verse,2018-12-06,26.8961,8.394,17266,False,en
137051,Midnight Matinee,1988-10-12,28.6267,5.4,7,False,en
1235192,Wormtown,2025-09-27,23.6639,5.944,18,False,en
1078605,Weapons,2025-08-04,26.1614,7.255,3455,False,en
773543,Fib the Truth,2021-09-09,22.1274,5.819,91,False,ru
1368314,Passenger,2026-05-20,30.0329,6.192,65,False,en
985939,Fall,2022-08-11,23.8365,7.134,4616,False,en
10193,Toy Story 3,2010-06-16,24.1186,7.806,15743,False,en
4935,Howl's Moving Castle,2004-09-09,24.0002,8.388,11100,False,ja
1352874,The Crucifix: Blood of the Exorcist,2025-01-09,22.34,5.473,55,False,en
807,Se7en,1995-09-22,29.1403,8.382,23123,False,en
1487604,God's Shirt,2026-04-09,23.1761,6.0,2,False,es
76600,Avatar: The Way of Water,2022-12-14,30.8955,7.594,14164,False,en
385687,Fast X,2023-05-17,25.0567,7.0,6334,False,en
58,Pirates of the Caribbean: Dead Man's Chest,2006-07-06,24.1187,7.38,17189,False,en
27098,All Things Fair,1995-03-08,24.2134,6.4,173,False,sv
1235877,Jana Nayagan,,21.5119,0.0,0,False,ta
13576,This Is It,2009-10-28,22.0469,7.338,1055,False,en
829560,The Next 365 Days,2022-08-18,22.8234,6.379,1320,False,pl
564,The Mummy,1999-04-16,22.669,6.979,10041,False,en
1510769,29,2026-05-08,26.6015,7.4,5,False,ta
424,Schindler's List,1993-12-15,24.7428,8.569,17498,False,en
12153,White Chicks,2004-06-23,22.7986,6.943,4537,False,en
414906,The Batman,2022-03-01,29.0809,7.7,11969,False,en
652,Troy,2004-05-13,22.8763,7.2,11076,False,en
1340206,Tuner,2026-05-21,31.9703,6.875,40,False,en
301528,Toy Story 4,2019-06-19,24.6078,7.463,10547,False,en
290098,The Handmaiden,2016-06-01,22.5952,8.188,4329,False,ko
138843,The Conjuring,2013-07-18,22.5896,7.54,12735,False,en
519182,Despicable Me 4,2024-06-20,22.5092,6.987,3213,False,en
1631017,Karikaada,2026-02-06,18.238,0.0,0,False,kn
662707,Starbright,2026-02-27,20.7106,5.974,19,False,en
389,12 Angry Men,1957-04-10,22.4804,8.562,10020,False,en
106646,The Wolf of Wall Street,2013-12-25,22.8854,8.028,25954,False,en
617126,The Fantastic 4: First Steps,2025-07-23,23.2887,6.963,3379,False,en
77338,The Intouchables,2011-11-02,23.3655,8.271,18446,False,fr
106,Predator,1987-06-12,19.6663,7.557,9139,False,en
1197137,Black Phone 2,2025-10-15,22.2614,6.69,1137,False,en
62177,Brave,2012-06-21,21.5842,7.027,14176,False,en
329505,Lola's Secret,1984-05-04,23.485,7.0,71,False,it
1101383,The End of Oak Street,2026-08-12,19.566,0.0,0,False,en
244786,Whiplash,2014-10-10,22.5149,8.374,16646,False,en
1387382,Hunting Season,2025-12-05,22.1856,6.936,234,False,en
687259,Ghost Stories,1982-01-01,22.037,6.2,2,False,zh
61823,The Ape Woman,1964-01-31,24.5624,7.3,59,False,it
1242332,Normal,2026-04-16,22.3558,6.5,142,False,en
1367642,Reminders of Him,2026-03-11,19.9341,7.734,293,False,en
1038918,Magistrate Woman Prison Collection II,1995-09-21,20.065,6.0,1,False,ja
574475,Final Destination Bloodlines,2025-05-14,22.6965,7.039,2872,False,en
1497348,Alas Roban,2026-01-15,21.3316,4.6,5,False,id
263472,Knock Knock,2015-06-26,21.5248,5.391,3488,False,en
429617,Spider-Man: Far From Home,2019-06-28,23.4968,7.396,16979,False,en
1137129,Pedro Had a Horse,2023-11-10,32.1067,8.5,2,False,pt
935505,Female Teacher Punisher: Goddess of Revenge,1990-01-01,15.7305,0.0,0,False,ja
1137129,Pedro Had a Horse,2023-11-10,32.1067,8.5,2,False,pt
935505,Female Teacher Punisher: Goddess of Revenge,1990-01-01,15.7305,0.0,0,False,ja
335984,Blade Runner 2049,2017-10-04,24.9252,7.595,15162,False,en
1236153,Mercy,2026-01-19,21.1281,7.035,1356,False,en
541671,Ballerina,2025-06-04,22.6312,7.244,2637,False,en
43947,I Spit on Your Grave,2010-06-17,19.816,6.51,2574,False,en
912649,Venom: The Last Dance,2024-10-22,27.8397,6.67,4238,False,en
346698,Barbie,2023-07-19,23.6813,6.922,11132,False,en
570595,Russian Nymphet: Temptation,2004-11-28,17.6016,5.6,27,False,ru
1336770,Vaazha II,2026-04-02,19.1744,7.35,10,False,ml
122917,The Hobbit: The Battle of the Five Armies,2014-12-10,20.7549,7.3,15379,False,en
354912,Coco,2017-10-27,22.1496,8.198,20995,False,en
1726,Iron Man,2008-04-30,19.9997,7.66,28158,False,en
198663,The Maze Runner,2014-09-10,20.8708,7.189,18117,False,en
1408208,Exit 8,2025-08-28,20.157,6.736,439,False,ja
552524,Lilo & Stitch,2025-05-17,23.3839,7.211,2171,False,en
9502,Kung Fu Panda,2008-06-04,20.2493,7.323,12647,False,en
1159831,The Bride!,2026-03-04,19.9153,6.198,500,False,en
72190,World War Z,2013-06-19,20.0416,6.836,16594,False,en
1217931,Vampires of the Velvet Lounge,2026-03-20,21.2543,6.8,5,False,en
1601797,¿Quieres ser mi novia?,2026-02-12,19.8889,8.621,140,False,es
177572,Big Hero 6,2014-10-24,19.763,7.724,16600,False,en
858024,Hamnet,2025-11-26,21.1177,7.7,1372,False,en
1317672,Love Me Love Me,2026-02-12,19.8584,5.919,258,False,en
1010755,The Strangers: Chapter 3,2026-02-05,19.5051,5.801,196,False,en
12445,Harry Potter and the Deathly Hallows: Part 2,2011-07-12,20.3002,8.1,22000,False,en
1145899,Marsupilami,2026-02-04,20.3744,6.4,95,False,fr
1584215,The Internship,2026-01-13,18.5826,6.2,77,False,en
12104,Pink Floyd: The Wall,1982-07-14,113.1919,7.93,1642,False,en
258216,Nymphomaniac: Vol. I,2013-12-25,19.3807,6.853,3662,False,en
348,Alien,1979-05-25,20.7401,8.17,16405,False,en
68726,Pacific Rim,2013-07-11,20.8289,6.93,13398,False,en
1285959,The Passenger,2026-06-05,19.0141,5.9,10,False,en
1213243,Toxic,,19.5352,0.0,0,False,kn
1202285,Porn,2023-05-16,21.282,7.4,7,False,fr
425,Ice Age,2002-03-14,19.2755,7.376,14306,False,en
1380126,Pin/Ya,2024-12-06,19.2385,5.7,9,False,tl
812583,Wake Up Dead Man: A Knives Out Mystery,2025-11-26,17.0335,7.203,2510,False,en
1054867,One Battle After Another,2025-09-23,19.5481,7.4,3756,False,en
115724,Do You Know Me,2009-05-17,19.2654,4.806,18,False,en
18785,The Hangover,2009-06-02,18.6435,7.332,18113,False,en
519465,Queen of Hearts,2019-03-27,21.0515,6.91,378,False,da
855435,Faces of Death,2026-04-10,18.4395,5.48,75,False,en
12444,Harry Potter and the Deathly Hallows: Part 1,2010-11-17,18.07,7.7,20392,False,en
9823,Mortal Kombat: Annihilation,1997-11-11,20.9124,4.56,1348,False,en
168259,Furious 7,2015-04-01,19.0161,7.219,11293,False,en
1297446,Slanted,2026-03-13,15.9836,6.216,37,False,en
823464,Godzilla x Kong: The New Empire,2024-03-27,19.9979,7.0,4686,False,en
37165,The Truman Show,1998-06-04,20.5382,8.153,20257,False,en
156022,The Equalizer,2014-09-24,19.5767,7.287,9958,False,en
107257,A Perfect Ending,2012-06-01,18.008,6.239,138,False,en
1692948,Chardikala,2026-05-29,18.1527,0.0,0,False,pa
13333,Game of Death,1978-03-23,15.2517,6.4,732,False,cn
1191876,From the Ashes,2027-06-01,18.9803,0.0,0,False,en
1223601,Sisu: Road to Revenge,2025-10-21,17.7818,7.289,777,False,fi
38365,Grown Ups,2010-06-24,18.8364,6.419,6692,False,en
105,Back to the Future,1985-07-03,19.6839,8.326,21843,False,en
1035048,Elevation,2024-11-07,24.0839,6.405,979,False,en
559,Spider-Man 3,2007-05-01,19.5871,6.461,15235,False,en
1119449,"Good Luck, Have Fun, Don't Die",2026-02-13,17.3002,6.876,512,False,en
2062,Ratatouille,2007-06-28,19.9784,7.842,18496,False,en
12,Finding Nemo,2003-05-30,19.164,7.819,20574,False,en
1088434,Hellfire,2026-05-14,19.3765,4.2,4,False,en
801335,Girl in the Basement,2021-02-27,17.2769,7.6,863,False,en
99861,Avengers: Age of Ultron,2015-04-22,19.6162,7.273,24455,False,en
767,Harry Potter and the Half-Blood Prince,2009-07-15,17.9659,7.7,20802,False,en
315162,Puss in Boots: The Last Wish,2022-12-07,19.2338,8.206,8845,False,en
72105,Ted,2012-06-29,18.9663,6.453,13195,False,en
1440050,The Breadwinner,2026-05-28,19.7796,6.75,4,False,en
1658216,Stepdaddy,2026-04-04,22.9707,5.3,3,False,tl
1669057,Check-In,2026-05-01,19.0378,5.0,2,False,tl
567609,Ready or Not,2019-08-21,17.3312,7.071,5499,False,en
1252309,Tell Me What You Want,2024-11-29,18.4307,6.153,291,False,es
467905,How to Make a Killing,2026-02-16,19.3454,7.062,426,False,en
581528,"The Gangster, the Cop, the Devil",2019-05-15,17.6435,7.864,1476,False,ko
1357633,Solo Leveling -ReAwakening-,2024-11-26,19.0719,7.16,272,False,ja
1673393,Krishnavataram Part 1: The Heart (Hridayam),2026-05-07,17.0247,8.8,5,False,hi
20453,3 Idiots,2009-12-23,18.7165,8.0,2712,False,hi
1003596,Avengers: Doomsday,2026-12-16,17.8382,0.0,0,False,en
1389727,Solos,2026-03-07,16.2868,6.2,5,False,es
530442,"My Teacher, My Obsession",2018-06-12,18.6591,4.9,109,False,en
68721,Iron Man 3,2013-04-18,19.0673,6.933,23442,False,en
1193501,Whistle,2026-01-20,15.8208,6.292,448,False,en
210577,Gone Girl,2014-10-01,18.8196,7.89,19990,False,en
285,Pirates of the Caribbean: At World's End,2007-05-19,19.0319,7.272,15477,False,en
1446616,Tu Yaa Main,2026-02-11,16.6163,6.456,45,False,hi
986056,Thunderbolts*,2025-04-30,18.6665,7.3,3556,False,en
63319,Belle épine,2010-11-10,16.276,5.4,56,False,fr
4588,"Lust, Caution",2007-09-24,18.0176,7.274,805,False,zh
524047,Greenland,2020-07-29,18.1088,7.13,5324,False,en
8966,Twilight,2008-11-20,18.2646,6.281,14415,False,en
1511417,Bāhubali: The Epic,2025-10-29,17.662,6.184,38,False,te
293660,Deadpool,2016-02-09,18.7932,7.6,32768,False,en
11036,The Notebook,2004-06-25,18.0806,7.888,12558,False,en
1495,Kingdom of Heaven,2005-05-03,24.6646,7.0,4978,False,en
1241634,Saiyaara,2025-07-18,17.1103,6.411,140,False,hi
1402,The Pursuit of Happyness,2006-12-14,17.7643,7.886,10602,False,en
2251,Unfaithful,2002-05-10,17.509,6.7,1724,False,en
675,Harry Potter and the Order of the Phoenix,2007-07-08,24.9587,7.672,20817,False,en
1318413,Pressure,2026-05-25,18.1384,7.9,15,False,en
1865,Pirates of the Caribbean: On Stranger Tides,2011-05-15,18.502,6.571,14967,False,en
1284016,Power Ballad,2026-05-18,18.2006,6.8,10,False,en
49051,The Hobbit: An Unexpected Journey,2012-12-12,17.9748,7.4,19655,False,en
822119,Captain America: Brave New World,2025-02-12,19.0932,6.0,3102,False,en
475557,Joker,2019-10-01,21.5069,8.125,27751,False,en
181808,Star Wars: The Last Jedi,2017-12-13,20.0694,6.751,16349,False,en
1381027,Good Boy,2026-03-06,15.4482,7.31,105,False,en
1173559,Insidious Inferno,2024-11-29,16.6114,5.4,20,False,en
539,Psycho,1960-06-22,17.8762,8.413,11002,False,en
533533,TRON: Ares,2025-10-08,20.5109,6.499,1421,False,en
109445,Frozen,2013-11-20,17.9195,7.249,17584,False,en
1268127,Humint,2026-02-11,17.1441,7.445,145,False,ko
578883,Flight Attendant: Scandal,1984-03-16,14.9164,5.1,7,False,ja
1652947,Tuklas,2026-03-20,17.8002,7.0,2,False,tl
20352,Despicable Me,2010-07-08,18.7293,7.3,16062,False,en
1062722,Frankenstein,2025-10-17,17.6389,7.639,3482,False,en
402431,Wicked,2024-10-16,17.0734,6.91,3048,False,en
1294203,My Fault: London,2025-02-12,15.6406,7.4,570,False,en
324786,Hacksaw Ridge,2016-10-07,17.1492,8.19,14867,False,en
1213898,Border 2,2026-01-23,17.4154,7.2,26,False,hi
585032,Sa Bang-ji,1988-10-29,16.3897,6.6,5,False,ko
1549519,Sex Trip,2026-02-20,17.6337,6.0,4,False,tl
694,The Shining,1980-05-23,18.6834,8.204,18949,False,en
47971,xXx: Return of Xander Cage,2017-01-13,21.0481,6.132,9230,False,en
330457,Frozen II,2019-11-20,16.6036,7.232,10290,False,en
207,Dead Poets Society,1989-06-02,15.3649,8.3,12620,False,en
949,Heat,1995-12-15,15.7444,7.936,8368,False,en
1236814,Swapping Workshop for Middle-aged Couples,2023-04-21,15.341,9.0,1,False,ko
545611,Everything Everywhere All at Once,2022-03-24,18.7528,7.718,7988,False,en
280,Terminator 2: Judgment Day,1991-07-03,18.1934,8.15,14315,False,en
1473878,Speed Demon,2026-05-20,17.347,4.4,11,False,en
1654429,Crush The Wicked,2026-03-20,18.5255,0.0,0,False,zh
406997,Wonder,2017-11-13,17.054,8.106,8257,False,en
1083637,Kantara - A Legend: Chapter 1,2025-10-01,17.2211,7.157,83,False,kn
128,Princess Mononoke,1997-07-12,16.3404,8.321,9004,False,ja
1175942,The Bad Guys 2,2025-07-24,16.1574,7.655,785,False,en
19404,Dilwale Dulhania Le Jayenge,1995-10-20,16.6477,8.513,4592,False,hi
218,The Terminator,1984-10-26,16.0612,7.683,14632,False,en
411,"The Chronicles of Narnia: The Lion, the Witch and the Wardrobe",2005-12-07,15.6178,7.137,11498,False,en
664413,365 Days,2020-02-07,16.8694,6.993,9515,False,pl
866398,The Beekeeper,2024-01-08,16.5743,7.3,4258,False,en
5879,In the Realm of the Senses,1976-09-15,14.4931,6.594,736,False,ja
458376,Neo Chinpira 2: Zoom Goes the Bullet,1991-04-12,15.5013,0.0,0,False,ja
1930,The Amazing Spider-Man,2012-06-23,17.2456,6.738,18534,False,en
64084,Scorned,1993-07-14,18.5488,5.3,46,False,en
37169,The Human Centipede (First Sequence),2009-10-31,21.2491,5.187,2390,False,en
214756,Ted 2,2015-06-25,16.0281,6.3,8005,False,en
963261,"Son's Girlfriend, Daddy's Girlfriend 2",2022-04-01,16.3113,4.0,2,False,ko
101,Léon: The Professional,1994-09-14,17.2969,8.295,16135,False,fr
38,Eternal Sunshine of the Spotless Mind,2004-03-19,16.9706,8.091,16358,False,en
14160,Up,2009-05-28,16.2143,7.961,21680,False,en
271110,Captain America: Civil War,2016-04-27,17.8776,7.4,24057,False,en
1643729,Ishqa'n De Lekhe,2026-03-06,14.4798,10.0,1,False,pa
1317288,Marty Supreme,2025-12-19,17.0293,7.4,1809,False,en
10674,Mulan,1998-06-18,15.3113,7.905,10437,False,en
11324,Shutter Island,2010-02-14,16.9102,8.2,25874,False,en
18240,The Proposal,2009-06-02,16.8554,7.163,7528,False,en
337404,Cruella,2021-05-26,15.3805,7.971,10071,False,en
1031774,Thriller 40,2023-12-02,16.0177,8.629,112,False,en
786892,Furiosa: A Mad Max Saga,2024-05-22,16.6222,7.5,4891,False,en
111,Scarface,1983-12-09,16.1719,8.156,13053,False,en
1339876,Mardaani 3,2026-01-30,14.8739,7.4,33,False,hi
61979,Three Steps Above Heaven,2010-12-03,17.912,7.726,3229,False,es
453395,Doctor Strange in the Multiverse of Madness,2022-05-04,20.4538,7.231,10361,False,en
561,Constantine,2005-02-08,15.8044,7.16,8128,False,en
1533735,Nawab Cafe,2026-03-12,12.5235,7.0,1,False,te
285213,The Pirates,2014-08-06,14.4925,7.027,240,False,ko
284053,Thor: Ragnarok,2017-10-02,16.7499,7.6,22037,False,en
1305781,Blades of the Guardians: Wind Rises in the Desert,2026-02-17,15.8663,7.0,36,False,zh
823219,Flow,2024-08-29,15.414,8.084,2840,False,lv
16869,Inglourious Basterds,2009-08-02,16.0528,8.218,24206,False,en
447365,Guardians of the Galaxy Vol. 3,2023-05-03,16.8941,7.932,8353,False,en
6977,No Country for Old Men,2007-11-09,17.2552,7.951,13341,False,en
49026,The Dark Knight Rises,2012-07-17,16.1357,7.795,24392,False,en
2105,American Pie,1999-07-09,15.51,6.607,8319,False,en
1627824,Rocky's Cat-astrophe,2026-02-27,14.1856,8.0,18,False,en
102382,The Amazing Spider-Man 2,2014-04-16,16.6812,6.541,14250,False,en
38757,Tangled,2010-11-24,15.438,7.6,12405,False,en
1072790,Anyone But You,2023-12-21,17.7318,6.773,3076,False,en
1290417,Thrash,2026-04-10,17.1712,6.068,628,False,en
